File,iPTM,pTM
fold_016_hnrpd_mouse_endou_mouse_summary_confidences_0.json,0.52,0.46
fold_026_nog1_mouse_endou_mouse_summary_confidences_0.json,0.18,0.47
fold_008_cs060_mouse_endou_mouse_summary_confidences_0.json,0.25,0.52
fold_011_endou_mouse_endou_mouse_ca_summary_confidences_0.json,0.3,0.42
fold_012_smu1_mouse_endou_mouse_summary_confidences_0.json,0.29,0.49
fold_001_atx10_mouse_endou_mouse_ca_summary_confidences_0.json,0.27,0.5
fold_008_rl7_mouse_endou_mouse_summary_confidences_0.json,0.13,0.45
fold_015_hnrpd_mouse_endou_mouse_ca_summary_confidences_0.json,0.6,0.51
fold_003_rl18a_mouse_endou_mouse_ca_summary_confidences_0.json,0.15,0.51
fold_004_casc1_mouse_endou_mouse_summary_confidences_0.json,0.26,0.57
fold_003_casc1_mouse_endou_mouse_ca_summary_confidences_0.json,0.2,0.56
fold_028_parp1_mouse_endou_mouse_summary_confidences_0.json,0.23,0.54
fold_009_smca5_mouse_endou_mouse_ca_summary_confidences_0.json,0.21,0.39
fold_029_rad51_mouse_endou_mouse_ca_summary_confidences_0.json,0.52,0.52
fold_005_rl27a_mouse_endou_mouse_ca_summary_confidences_0.json,0.09,0.52
fold_001_red_mouse_endou_mouse_ca_summary_confidences_0.json,0.19,0.37
fold_022_lbr_mouse_endou_mouse_summary_confidences_0.json,0.23,0.46
fold_027_parp1_mouse_endou_mouse_ca_summary_confidences_0.json,0.26,0.55
fold_030_rad51_mouse_endou_mouse_summary_confidences_0.json,0.18,0.45
fold_017_ilf3_mouse_endou_mouse_ca_summary_confidences_0.json,0.33,0.35
fold_002_red_mouse_endou_mouse_summary_confidences_0.json,0.13,0.35
fold_004_rl18a_mouse_endou_mouse_summary_confidences_0.json,0.26,0.54
fold_023_noc3l_mouse_endou_mouse_ca_summary_confidences_0.json,0.14,0.43
fold_014_top2a_mouse_endou_mouse_summary_confidences_0.json,0.28,0.46
fold_013_top2a_mouse_endou_mouse_ca_summary_confidences_0.json,0.38,0.45
fold_010_smca5_mouse_endou_mouse_summary_confidences_0.json,0.2,0.39
fold_006_cdk4_mouse_endou_mouse_summary_confidences_0.json,0.18,0.47
fold_019_inp5e_mouse_endou_mouse_ca_summary_confidences_0.json,0.15,0.42
fold_012_endou_mouse_endou_mouse_summary_confidences_0.json,0.14,0.39
fold_011_smu1_mouse_endou_mouse_ca_summary_confidences_0.json,0.17,0.42
fold_007_rl7_mouse_endou_mouse_ca_summary_confidences_0.json,0.17,0.47
fold_014_galk1_mouse_endou_mouse_summary_confidences_0.json,0.14,0.52
fold_010_d3z3n4_mouse_endou_mouse_summary_confidences_0.json,0.3,0.42
fold_020_inp5e_mouse_endou_mouse_summary_confidences_0.json,0.22,0.44
fold_024_noc3l_mouse_endou_mouse_summary_confidences_0.json,0.17,0.43
fold_013_galk1_mouse_endou_mouse_ca_summary_confidences_0.json,0.2,0.52
fold_021_lbr_mouse_endou_mouse_ca_summary_confidences_0.json,0.17,0.44
fold_006_rl27a_mouse_endou_mouse_summary_confidences_0.json,0.17,0.43
fold_018_ilf3_mouse_endou_mouse_summary_confidences_0.json,0.28,0.36
fold_007_cs060_mouse_endou_mouse_ca_summary_confidences_0.json,0.39,0.55
fold_002_atx10_mouse_endou_mouse_summary_confidences_0.json,0.31,0.51
fold_025_nog1_mouse_endou_mouse_ca_summary_confidences_0.json,0.14,0.46
fold_009_d3z3n4_mouse_endou_mouse_ca_summary_confidences_0.json,0.36,0.46
fold_005_cdk4_mouse_endou_mouse_ca_summary_confidences_0.json,0.12,0.45
